"id","name","host_id","host_name","neighbourhood_group","neighbourhood","latitude","longitude","room_type","price","minimum_nights","number_of_reviews","last_review","reviews_per_month","calculated_host_listings_count","availability_365","has_clean","in_manhattan"
6865662,"Loft style, chill, charming East Village sanctuary",29480685,"Anna","Manhattan","East Village",40.72148,-73.98235,"Entire home/apt",244,2,22,"2019-07-02",0.45,1,1,0,1
33157502,"#2 Make yourself at home. (close to LGA and JFK)",249649095,"Tenzin","Queens","East Elmhurst",40.76132,-73.88192,"Private room",53,2,16,"2019-06-21",4.49,1,79,0,0
32942632,"Jackson Heights coziest private room",229637274,"Sonia","Queens","Elmhurst",40.74642,-73.88044,"Private room",30,1,15,"2019-07-03",4.84,2,135,0,0
6407534,"Clean, bright, renovated apt in Lower East Side",5919678,"Carole","Manhattan","Lower East Side",40.71983,-73.98801,"Entire home/apt",140,5,8,"2018-06-14",0.16,1,0,1,1
11753760,"Gorgeous apartment in Brownstone",62542300,"Gary","Brooklyn","South Slope",40.66736,-73.98773,"Private room",140,2,141,"2019-07-05",3.63,1,268,0,0
32012464,"Half a block from the train! my private cozy room",239978864,"Patricia","Queens","Jackson Heights",40.7489,-73.87549,"Private room",50,2,20,"2019-07-01",4.69,1,167,0,0
23120142,"Deluxe Bedroom - 30 minutes from Midtown!",133602911,"Sanyika","Bronx","Mount Hope",40.84882,-73.90263,"Private room",80,3,20,"2019-06-14",1.18,2,36,0,0
24521752,"New York City with the bird view",180700434,"Luba","Manhattan","Upper East Side",40.78119,-73.95121,"Entire home/apt",200,4,0,"",NA,1,83,0,1
21476604,"Entire 1 bed Apt by Central/Morningside Park",12216173,"Fan","Manhattan","Harlem",40.80543,-73.95739,"Entire home/apt",150,1,21,"2019-06-21",1.14,1,2,0,1
15310116,"Sunny  Space in Crown Heights",77778146,"Andre","Brooklyn","Crown Heights",40.66631,-73.94764,"Private room",95,30,3,"2018-09-03",0.15,8,189,0,0
20587755,"Hello, Brooklyn.",4983469,"Jonathan","Brooklyn","Boerum Hill",40.68796,-73.98783,"Entire home/apt",174,3,5,"2017-11-05",0.23,1,0,0,0
26559476,"Warm and Cozy Bedroom ~ 15 minutes to JFK",72746827,"Jeffrey & Casandra","Queens","Bayswater",40.61036,-73.7687,"Private room",82,1,8,"2019-07-07",8,1,172,0,0
335797,"Bklyn 6 Beds 1 Bathroom Rental 2",1709216,"Steve And Heather","Brooklyn","East Flatbush",40.63602,-73.94607,"Entire home/apt",115,3,64,"2019-05-11",0.72,4,333,0,0
29779072,"Massive Large 4 bedrooms 2 bathrooms in Manhattan",4317615,"Fabio","Manhattan","Harlem",40.82064,-73.9537,"Private room",150,1,11,"2019-01-25",1.43,2,0,0,1
33641091,"Charming Williamsburg 30 day min stay 2 br /2 bath",10951481,"Ann","Brooklyn","Williamsburg",40.71095,-73.96717,"Entire home/apt",183,30,0,"",NA,5,249,0,0
36385310,"Piano duplex in New York artistic best Bushwick",273547720,"Cedric","Brooklyn","Bushwick",40.69982,-73.92321,"Entire home/apt",170,30,0,"",NA,1,360,0,0
13427591,"Stunning 1 Bedroom Apt with Indoor Pool",30283594,"Kara","Manhattan","Hell's Kitchen",40.76112,-73.99893,"Entire home/apt",239,30,0,"",NA,121,365,0,1
6636389,"perfect west village location!",27439632,"Brian","Manhattan","West Village",40.73204,-74.00399,"Entire home/apt",160,4,0,"",NA,1,0,0,1
7915831,"Lovely, Room/with Private bathroom",5719436,"Leonie","Brooklyn","Flatbush",40.63982,-73.96634,"Private room",1100,1,1,"2016-09-11",0.03,1,365,0,0
35499352,"A luxury Bronx living",170071460,"Inas","Bronx","Kingsbridge",40.88531,-73.90008,"Private room",100,3,0,"",NA,1,88,0,0
36244479,"Private Room:  Have your own and share some comm",272609175,"Avi","Brooklyn","Flatlands",40.61813,-73.94253,"Private room",70,2,0,"",NA,1,365,0,0
5525510,"Cozy Bohemian Room in New York City",23086547,"Arya","Manhattan","Chinatown",40.71705,-73.99668,"Private room",62,6,62,"2019-06-23",1.27,1,317,0,1
23517220,"Private 1 Bedroom in the Heart of Queens",27921386,"Nathalia","Queens","Forest Hills",40.71331,-73.83474,"Private room",40,1,14,"2018-12-24",0.9,1,0,0,0
3198824,"Bright 1 bedroom near Columbia",9523245,"Albane","Manhattan","Upper West Side",40.79739,-73.96945,"Entire home/apt",195,3,8,"2017-07-09",0.13,1,0,0,1
33195147,"The Sweet",239155432,"Thia","Bronx","Wakefield",40.90484,-73.84489,"Private room",120,1,1,"2019-04-08",0.32,1,268,0,0
16011441,"15 minute train ride to Times Square",101602599,"M","Queens","Woodside",40.74327,-73.90627,"Private room",75,3,9,"2018-08-26",0.28,2,7,0,0
10474780,"Private Room next to park",40312267,"Trini","Brooklyn","Flatbush",40.65398,-73.96377,"Private room",50,2,5,"2016-05-11",0.12,1,0,0,0
31065551,"Room 25 min away from Manhattan 7train/busQ67",31044879,"Ara","Queens","Sunnyside",40.73718,-73.9209,"Private room",60,3,8,"2019-07-01",1.27,2,0,0,0
1736064,"Sunny 1BR Overlooking Prospect Park",721267,"Debbie","Brooklyn","Prospect-Lefferts Gardens",40.65769,-73.96161,"Entire home/apt",115,30,2,"2019-05-16",0.03,1,0,0,0
16148036,"Cozy bed in private living room",94536810,"Belkis","Bronx","Bronxdale",40.85711,-73.86474,"Private room",45,5,30,"2019-05-23",0.98,2,318,0,0
35492112,"Spacious Bushwick 3BR, 2.5 Bath (Steps to Subway!)",266531875,"Willy","Brooklyn","Bushwick",40.69403,-73.91991,"Entire home/apt",475,2,3,"2019-07-01",3,3,343,0,0
3836189,"Amazing, Spacious Bedroom in BK",9314076,"Naeem","Brooklyn","Bedford-Stuyvesant",40.69291,-73.95142,"Private room",80,1,0,"",NA,1,0,0,0
29302018,"1 Bedroom Apartment 1 minute walk to subway",93732420,"Tim","Queens","Astoria",40.76363,-73.92178,"Entire home/apt",90,5,0,"",NA,2,0,0,0
9230690,"Cosy and quiet Williamsburg room",8439782,"Tim","Brooklyn","Williamsburg",40.71322,-73.95199,"Private room",49,5,0,"",NA,1,0,0,0
34259388,"Great home for the summer ONLY",17770682,"Adriana","Bronx","Highbridge",40.83149,-73.92766,"Entire home/apt",70,40,0,"",NA,1,0,0,0
3510929,"Apartment in beautiful Brooklyn Heights",130216,"Maria","Brooklyn","Brooklyn Heights",40.69088,-73.99416,"Entire home/apt",155,5,7,"2018-07-17",0.12,1,17,0,0
20755500,"SUNNY + MODERN NEW 1 BEDROOM APARTMENT IN BEDSTUY",1180050,"Shawn","Brooklyn","Bedford-Stuyvesant",40.6918,-73.95151,"Entire home/apt",200,4,2,"2017-11-15",0.09,1,0,0,0
258688,"Spacious & Stylish Chelsea One Bedroom Apartment",436599,"Chad","Manhattan","West Village",40.74031,-74.00532,"Entire home/apt",325,4,46,"2019-06-02",0.5,1,20,0,1
31997308,"Cozy Studio",239906704,"Adrian","Queens","Woodside",40.74286,-73.91076,"Private room",120,2,0,"",NA,1,365,0,0
17447150,"1 BR Contemporary Luxury Apartment w W/D in UWS",15145088,"Izi","Manhattan","Upper West Side",40.78688,-73.97403,"Entire home/apt",184,30,3,"2018-10-22",0.12,8,346,0,1
17750238,"Great room in a spacious Inwood Apartment",13860679,"Max","Manhattan","Inwood",40.86348,-73.92232,"Private room",99,3,4,"2018-10-03",0.15,3,179,0,1
6741094,"Gorgeous Luxury Apartment",35299368,"Adriana","Manhattan","Murray Hill",40.74798,-73.9814,"Private room",200,1,1,"2015-06-21",0.02,1,0,0,1
32833064,"Private Room Right Off L Train",6447195,"Aurora","Brooklyn","Williamsburg",40.70754,-73.94151,"Private room",42,3,3,"2019-06-26",1.3,2,5,0,0
30998033,"A beautiful huge quiet Brooklyn apartment.",231503052,"Jack","Brooklyn","Sheepshead Bay",40.6001,-73.94974,"Entire home/apt",199,3,16,"2019-06-28",2.57,1,129,0,0
35742909,"The waterview  quiet area and just everything",268868462,"Duane","Brooklyn","Greenpoint",40.7309,-73.95969,"Private room",200,4,0,"",NA,1,365,0,0
32884505,"Cozy, spacious room in Bed-Stuy",158872351,"Kelly","Brooklyn","Bedford-Stuyvesant",40.68845,-73.9439,"Private room",55,1,7,"2019-06-10",2.56,1,0,0,0
34071098,"3BR Times Square! Great Location! W/D!",253789998,"Kim","Manhattan","Hell's Kitchen",40.76303,-73.98894,"Entire home/apt",149,30,2,"2019-05-23",0.9,1,148,0,1
35039936,"New 1 bedroom apartment in luxury building",263957584,"Sara","Brooklyn","Bushwick",40.69971,-73.93068,"Entire home/apt",198,9,4,"2019-07-01",3.33,2,159,0,0
13492449,"[TRUE 1br] Heart of the West Village",31489150,"Kelly","Manhattan","West Village",40.7332,-74.0039,"Entire home/apt",190,2,2,"2016-09-17",0.05,1,0,0,1
27638014,"Beach Bungalo Steps to Bay Bike to Beach. Rockaway",23299832,"Jodi","Queens","Arverne",40.59787,-73.79759,"Entire home/apt",250,1,0,"",NA,1,90,0,0
20587159,"Cozy East Village Studio Apartment",8130515,"Jessica","Manhattan","East Village",40.72547,-73.98315,"Entire home/apt",150,2,2,"2017-09-26",0.09,1,0,0,1
27599185,"Legal Redesigned 2 BDRS PARK SLOPE/Prospect Park!",87786261,"Sophia","Brooklyn","South Slope",40.66055,-73.98597,"Entire home/apt",159,1,11,"2019-06-09",1.05,5,262,0,0
15818145,"Massive Brooklyn Brick 2 Floor Oasis",5568352,"Austin","Brooklyn","Fort Greene",40.68718,-73.97289,"Entire home/apt",200,2,2,"2019-07-03",2,1,15,0,0
571564,"large spacious room",1141935,"Ana","Brooklyn","Crown Heights",40.67436,-73.94807,"Private room",95,1,123,"2019-06-02",1.47,3,359,0,0
13077215,"Third Avenue, 1bd Serviced Apartment",22541573,"Ken","Manhattan","Gramercy",40.7382,-73.98301,"Entire home/apt",245,30,1,"2018-11-01",0.12,87,236,0,1
4853437,"Comfortable Room in Great Location",24880134,"Cam","Brooklyn","Prospect Heights",40.67935,-73.96912,"Private room",75,3,1,"2018-09-15",0.1,3,0,0,0
7433796,"Room Epic View Near Freedom Tower",2134232,"Crystal","Manhattan","Tribeca",40.71928,-74.01125,"Private room",100,1,15,"2017-06-08",0.34,2,0,0,1
17698189,"A2Long Island City Big Room Great Location",79105834,"Leo","Queens","Long Island City",40.75551,-73.934,"Private room",58,1,74,"2019-06-21",2.66,9,281,0,0
21231543,"Hillside Hotel",134184451,"Hillside Hotel","Queens","Jamaica",40.70428,-73.81353,"Private room",135,1,0,"",NA,18,365,0,0
35220992,"Lovely Fam hse, one  lg quest private BR on 2nd fl",161906388,"Imelda","Queens","Woodhaven",40.68794,-73.85566,"Private room",45,1,4,"2019-06-30",4,1,3,0,0
23610064,"Private room w/memory foam QUEEN bed SUNNY space",130858402,"Sam","Manhattan","East Village",40.72909,-73.98986,"Private room",95,1,78,"2019-07-02",4.79,1,5,0,1
12604187,"A top floor in Midtown",18901504,"Ronald","Manhattan","Midtown",40.75369,-73.96632,"Entire home/apt",218,5,81,"2019-06-29",2.1,2,185,0,1
34809828,"Cuarto con ambiente Familiar solo adultos",262436389,"Edmea Valeria","Queens","Maspeth",40.73453,-73.89477,"Private room",50,1,4,"2019-07-02",3.64,1,219,0,0
23131496,"Beautiful stylish studio in Midtown",99683151,"Christina","Manhattan","Kips Bay",40.73799,-73.97821,"Entire home/apt",160,3,36,"2019-06-23",2.14,3,266,0,1
76761,"Eveland the Place to Stay & Enjoy a 5-⭐️ 2bdrm",118971,"Evelyn","Brooklyn","South Slope",40.66552,-73.99019,"Entire home/apt",169,2,398,"2019-06-28",3.97,3,182,0,0
34419439,"Spacious bright classic apt in Ridgewood",189421403,"Stefan","Queens","Ridgewood",40.70539,-73.90857,"Entire home/apt",155,2,2,"2019-06-10",1,3,59,0,0
17299278,"E. W'burg Private Room near subway",116709076,"Jay","Brooklyn","Williamsburg",40.70245,-73.9427,"Private room",80,15,47,"2019-04-09",1.86,1,8,0,0
29358057,"Murray Hill Apt (next to 6 train & near Penn/Bus)",52161562,"Marlena","Manhattan","Kips Bay",40.7444,-73.97946,"Entire home/apt",125,2,14,"2019-05-27",1.65,1,0,0,1
11827037,"Spacious apt in Prospect Lefferts",63002307,"Natalie","Brooklyn","Prospect-Lefferts Gardens",40.6559,-73.95443,"Private room",65,1,0,"",NA,1,0,0,0
28438216,"2BED Close UN Location full Kitchen Free Breakfast",214347105,"Roman","Manhattan","Midtown",40.75282,-73.96688,"Entire home/apt",389,3,8,"2019-05-22",0.83,8,339,0,1
12601807,"Sunny light filled bedroom",9848712,"Randy","Manhattan","East Harlem",40.80073,-73.94465,"Private room",85,3,89,"2019-06-05",2.37,2,228,0,1
12999396,"Red Hook Beach House, Garden, Pool , Roof top",29210997,"Stephanie","Brooklyn","Red Hook",40.67498,-74.01169,"Entire home/apt",400,3,11,"2019-07-01",0.29,1,6,0,0
31040444,"Large Bedroom near Central Park and Mt Sinah",231846634,"Jacqueline","Manhattan","East Harlem",40.79022,-73.9471,"Private room",100,30,0,"",NA,1,262,0,1
18691204,"Luxury Apt in Williamsburg + Huge private terrace",68472942,"Alex","Brooklyn","Williamsburg",40.70943,-73.95064,"Entire home/apt",175,3,3,"2018-08-26",0.28,1,364,0,0
29646454,"Large Private room in Astoria. Midtown in 20mins",7832790,"Michael","Queens","Astoria",40.76416,-73.91321,"Private room",90,1,7,"2019-06-05",1,2,49,0,0
34929016,"Private Living Room in the Heart of Chelsea",25408903,"Jaclyn","Manhattan","Chelsea",40.74125,-73.99926,"Private room",89,1,5,"2019-06-29",5,1,296,0,1
1305346,"Studio in the Heart of Soho",7096964,"Chris","Manhattan","SoHo",40.72098,-73.99869,"Entire home/apt",145,30,12,"2018-11-30",0.17,1,342,0,1
13225764,"Large Clean and Modern Room  Near Subway Lines",74227432,"Tony","Manhattan","Harlem",40.82579,-73.9528,"Private room",79,1,56,"2019-06-09",1.49,1,74,1,1
31075162,"2 BEDROOMS 2 PERSONS EACH",228571016,"Alexis","Manhattan","Harlem",40.82584,-73.95024,"Private room",295,1,2,"2019-06-14",0.76,2,89,0,1
33900546,"The Green Place",101790764,"Zabi","Queens","Long Island City",40.74895,-73.9474,"Entire home/apt",199,2,6,"2019-06-22",2.81,2,175,0,0
8533457,"Close to everything, transportation",44924379,"Roland","Queens","Jamaica",40.69872,-73.78614,"Private room",70,1,68,"2019-06-13",1.5,3,349,0,0
26557748,"Quiet and Cozy Brooklyn Home in Perfect Location",1840698,"Jared","Brooklyn","Greenpoint",40.72446,-73.9516,"Entire home/apt",180,3,13,"2019-06-17",1.13,1,0,0,0
18910029,"Spacious 2 Bd Apartment in Central Park North",438083,"Kanyi","Manhattan","Harlem",40.80115,-73.95262,"Entire home/apt",112,3,1,"2017-06-12",0.04,1,0,0,1
31414856,"Loft Room in Bushwick",235311151,"Armin","Brooklyn","Williamsburg",40.7025,-73.93561,"Private room",40,2,1,"2019-03-25",0.28,1,0,0,0
26440793,"Comfortable Brooklyn Apartment with Personality",17224262,"Dana","Brooklyn","Bedford-Stuyvesant",40.69557,-73.94033,"Entire home/apt",100,3,5,"2018-12-31",0.42,1,3,0,0
22160989,"Harlem Luxury Condo !New! 2 Full Bedrooms Balcony",161592215,"Mukaram","Manhattan","East Harlem",40.8025,-73.93775,"Entire home/apt",200,6,32,"2019-06-01",1.73,2,251,0,1
27836335,"Private Room in great location Bushwick!",13098292,"Raisa","Brooklyn","Bushwick",40.69994,-73.93299,"Private room",55,2,0,"",NA,2,0,0,0
26281121,"Quiet bedroom in walking distance to Central Park",197579052,"Vlad","Manhattan","East Harlem",40.79657,-73.93913,"Private room",80,1,49,"2019-05-20",3.89,2,110,0,1
29216296,"Feel at home!",23703328,"Dada","Queens","Kew Gardens",40.71163,-73.82752,"Private room",59,1,24,"2019-06-30",2.76,1,32,0,0
34493353,"5★ clean,  150ft² bedroom, 10min to Union Square",28371926,"John","Brooklyn","Williamsburg",40.70973,-73.94521,"Private room",60,2,9,"2019-06-25",4.82,1,87,1,0
31879887,"Spacious ground floor in Brooklyn town house",238894847,"Ofrit","Brooklyn","Bedford-Stuyvesant",40.68636,-73.95577,"Entire home/apt",200,2,11,"2019-07-01",3.33,1,269,0,0
30393414,"Grand UES 1BR w/ Doorman, Gym, + Roof deck by Blueground",107434423,"Blueground","Manhattan","Upper East Side",40.77506,-73.95678,"Entire home/apt",271,30,0,"",NA,232,240,0,1
23103116,"New York Bedroom for rent in East Harlem",171629811,"Arthur","Manhattan","East Harlem",40.79661,-73.93832,"Private room",40,5,3,"2018-03-20",0.18,1,0,0,1
35732847,"A lovely room in a great house close to RUMC.",102263916,"John","Staten Island","Tompkinsville",40.63281,-74.09132,"Private room",50,1,4,"2019-07-07",4,2,84,0,0
19823445,"Beautiful and Modern Brooklyn Apartment",20063690,"Naheima","Brooklyn","Bedford-Stuyvesant",40.68695,-73.94858,"Entire home/apt",150,2,69,"2019-06-30",2.9,2,328,0,0
32788864,"Air conditioned Wonderful Private Room for 1 or 2",9773038,"Yuki","Brooklyn","Bedford-Stuyvesant",40.69485,-73.93866,"Private room",48,5,6,"2019-06-16",1.91,3,28,0,0
11574674,"Bright 2 bedroom aparment, Bushwick",61175876,"Raquel","Brooklyn","Bushwick",40.69531,-73.92248,"Entire home/apt",148,5,77,"2019-06-30",1.96,2,275,0,0
18568171,"Affordable, Cozy, Skylit Room in Renovated House",54548000,"Danny","Brooklyn","Bedford-Stuyvesant",40.67779,-73.9229,"Private room",70,1,54,"2019-04-30",2.15,2,197,0,0
231414,"TURQUOISE: One-Bedroom Apt. in Soho",1184442,"Roberto","Manhattan","SoHo",40.72599,-74.00168,"Private room",270,5,1,"2013-07-09",0.01,1,210,0,1
11495792,"Huge 1 bdrm apt; sublet March-Aug",60535622,"Adela","Brooklyn","Crown Heights",40.66391,-73.95179,"Entire home/apt",2100,120,0,"",NA,1,363,0,0
34285156,"Master Bed Decatur 3F Room#1",258248138,"Fanny","Brooklyn","Bushwick",40.68754,-73.90975,"Private room",70,1,5,"2019-06-27",2.54,2,179,0,0
600775,"Sml Rm in pr. Brst in Pk Sl great for Med/students",210746,"Kathleen R.","Brooklyn","Prospect Heights",40.68084,-73.97429,"Private room",100,2,73,"2019-06-27",0.89,3,257,0,0
29393371,"New york Multi-unit building",221434490,"Aracely","Queens","Jackson Heights",40.75586,-73.87014,"Private room",49,2,23,"2019-06-16",2.86,2,358,0,0
11654372,"Amazing Combo Bedroom/Living Space",6001746,"Kevin","Brooklyn","Bushwick",40.70478,-73.92767,"Private room",60,21,0,"",NA,1,0,0,0
21587838,"Full Service  Pool 1 bed Huge Terrace washer dryer",113805886,"Yaacov","Manhattan","Upper East Side",40.77768,-73.94998,"Entire home/apt",160,31,2,"2018-12-28",0.19,33,324,0,1
7979237,"New Guest Room at Brooklyn&Breakfast",344035,"Brooklyn&   Breakfast    -Len-","Brooklyn","Prospect Heights",40.6796,-73.96948,"Private room",60,1,197,"2019-07-01",4.19,13,324,0,0
8806783,"Large 1 BD Upper East With Roof Top",8115401,"Quili (Sounds Keelee)","Manhattan","Midtown",40.75606,-73.97004,"Entire home/apt",250,2,33,"2019-05-04",0.73,1,7,0,1
24976971,"1 bedroom apartment on Columbus Avenue",76104209,"Rated","Manhattan","Upper West Side",40.7936,-73.96642,"Entire home/apt",180,30,0,"",NA,33,364,0,1
2814931,"Large New York style loft ",14399467,"Caroline","Bronx","Port Morris",40.80554,-73.92606,"Entire home/apt",120,4,89,"2017-11-11",1.54,2,0,0,0
2074653,"Cozy East Village Bedroom",1468247,"Kris","Manhattan","East Village",40.73033,-73.98742,"Private room",100,5,2,"2016-10-22",0.06,1,0,0,1
18561200,"Clean and Comfortable Room at Central Park North",1260642,"Maria","Manhattan","Harlem",40.80094,-73.95219,"Private room",70,3,65,"2018-09-28",2.47,1,0,1,1
18735631,"Charming 1 Bedroom Apartment in Bushwick, Brooklyn",123355776,"Carol","Brooklyn","Bushwick",40.70336,-73.92657,"Entire home/apt",184,1,29,"2019-05-07",1.12,1,0,0,0
2182899,"Sunny & spacious NYC Apartment",377361,"Zed","Manhattan","East Village",40.72456,-73.98004,"Entire home/apt",160,3,25,"2017-05-23",0.4,1,0,0,1
6739145,"Ranch style house with driveway",25368839,"Florence","Staten Island","Dongan Hills",40.58115,-74.09182,"Entire home/apt",155,3,63,"2019-06-22",1.29,1,0,0,0
27211525,"Brooklyn Home convenient to everywhere",204915695,"Jian","Brooklyn","Sunset Park",40.63729,-74.01046,"Private room",50,3,25,"2019-07-05",2.26,2,108,0,0
4053987,"Small Private Room for 1 person",1960128,"Luana","Queens","Ozone Park",40.6844,-73.8472,"Private room",58,1,2,"2015-08-16",0.04,2,364,0,0
563496,"Studio Apartment Greenwich Village",2770985,"Aaron","Manhattan","Greenwich Village",40.73481,-73.99845,"Entire home/apt",145,5,1,"2012-09-05",0.01,1,0,0,1
8104879,"Here comes the sun!",1831760,"Vishnu","Brooklyn","Gowanus",40.68334,-73.9847,"Private room",64,7,1,"2015-10-03",0.02,1,0,0,0
30709893,"✨PRIVATE Bathroom - Midtown | 5 min Grand Central✨",173417532,"Ed","Manhattan","Midtown",40.75106,-73.97485,"Private room",172,1,18,"2019-07-05",4.74,3,85,0,1
7239575,"2 Bedroom, UES",37904263,"Talal","Manhattan","Upper East Side",40.76364,-73.9588,"Entire home/apt",120,5,5,"2016-07-20",0.13,1,0,0,1
21491135,"Diamond Peach",19708200,"Larry","Brooklyn","Canarsie",40.63895,-73.91606,"Entire home/apt",65,3,65,"2019-06-20",3.19,3,305,0,0
9953443,"Large 1 BR LES",3598016,"Beatriz","Manhattan","Lower East Side",40.71607,-73.98439,"Entire home/apt",135,2,0,"",NA,1,0,0,1
34156010,"Amazing Luxury Apt in the middle of Manhattan",257677041,"Elsen","Manhattan","Kips Bay",40.7421,-73.97404,"Entire home/apt",539,1,13,"2019-07-06",7.36,1,233,0,1
32750384,"Generous, Light-Filled Room in Brooklyn Townhouse",62803,"Eugenia","Brooklyn","Brownsville",40.66863,-73.92169,"Private room",44,9,4,"2019-06-01",1.29,2,12,0,0
23997663,"Amazing Artsy&Trendy Building w/Private Bathroom",2373120,"Elena","Brooklyn","Bushwick",40.69999,-73.92807,"Private room",75,5,9,"2019-06-15",0.6,2,336,0,0
30086862,"Light Massive Sanctuary",224637257,"Shep","Brooklyn","Flatbush",40.64544,-73.95731,"Private room",95,2,3,"2019-05-19",0.4,2,180,0,0
2669366,"Priv. Room in a House,15min,Manhatt",13664245,"Denise","Bronx","Claremont Village",40.84192,-73.91108,"Private room",40,3,46,"2019-05-31",0.72,2,292,0,0
19446302,"2-Bedroom Furnished Apartment In Brooklyn",136352388,"Franco","Brooklyn","Flatbush",40.63691,-73.95327,"Private room",45,3,0,"",NA,1,0,0,0
27731601,"Williamsburg Loft - Spacious, Sky-High Ceilings",4354856,"Jay","Brooklyn","Williamsburg",40.71095,-73.95171,"Private room",100,60,0,"",NA,2,157,0,0
10849750,"Brownstone Beauty 1 Bedroom",185847,"Faizal","Brooklyn","Fort Greene",40.68584,-73.97571,"Entire home/apt",135,2,1,"2016-08-15",0.03,1,0,0,0
652515,"COLUMBUS CIRCLE~FULLY FURNISHED!!!",1475015,"Mike","Manhattan","Hell's Kitchen",40.76758,-73.98722,"Entire home/apt",85,30,2,"2016-08-15",0.04,52,223,0,1
21564252,"Cozy Red BUSHWICK  Apt 25 min to city SLEEPS 6 !!",3532263,"Alejandro","Brooklyn","Bushwick",40.69809,-73.92244,"Entire home/apt",159,2,51,"2019-06-19",2.49,4,357,0,0
30193397,"*NO GUEST SERVICE FEE* Beekman Tower Studio Suite  #3",205031545,"Red Awning","Manhattan","Midtown",40.75428,-73.96566,"Entire home/apt",675,28,1,"2018-12-29",0.16,49,225,0,1
34081178,"Central Park-Time Square-All Major Subways",2161203,"Bassema","Manhattan","Hell's Kitchen",40.76601,-73.98414,"Entire home/apt",190,2,5,"2019-06-30",2.08,1,10,0,1
34999260,"The City View- 2 Bed 2 Bath",221200420,"Adam","Manhattan","Murray Hill",40.7443,-73.97277,"Entire home/apt",300,30,0,"",NA,23,358,0,1
32990481,"Cute & Close to Everything! Plus a Patio!",10888067,"Christina","Manhattan","SoHo",40.72697,-74.00409,"Entire home/apt",150,3,13,"2019-06-24",3.86,1,9,0,1
13763512,"Classic Exposed Brick Apartment in East Village",40008334,"Jennifer","Manhattan","East Village",40.7282,-73.98001,"Private room",75,1,159,"2019-06-23",4.34,1,84,0,1
14703733,"Gorgeous Brooklyn Studio Apartment",56279680,"Abe","Brooklyn","Prospect-Lefferts Gardens",40.66349,-73.94222,"Entire home/apt",80,28,9,"2019-04-28",0.26,1,219,0,0
31809360,"#NycArtBNB Luxury West Village 1 Bedroom",25169596,"Jessica","Manhattan","West Village",40.73304,-74.00059,"Entire home/apt",250,1,21,"2019-06-30",4.34,2,271,0,1
12713863,"Private Bedroom #2",66269338,"Peggy","Queens","Jackson Heights",40.74776,-73.88827,"Private room",50,1,70,"2018-07-26",1.82,4,345,0,0
35000795,"Cozy 2-Bedroom Loft Blocks away to Apollo Theater",102866746,"Neh","Manhattan","Harlem",40.80529,-73.94718,"Entire home/apt",300,2,1,"2019-06-23",1,1,179,0,1
34111540,"Big Bedroom near Columbia University and 1 line",90332306,"Haylee","Manhattan","Upper West Side",40.80383,-73.96724,"Private room",59,3,4,"2019-06-09",2.61,1,5,0,1
16120533,"Room for Either One of Two (Has Two Beds)",56878925,"Joyce","Brooklyn","Canarsie",40.63485,-73.92055,"Shared room",40,2,4,"2017-12-27",0.13,2,3,0,0
21635399,"Spacious 1BR w/ backyard in central Williamsburg",32528909,"Jake","Brooklyn","Williamsburg",40.71935,-73.96049,"Entire home/apt",220,2,14,"2019-06-30",0.76,1,0,0,0
26604019,"Home away from home",40398107,"Joey","Brooklyn","Midwood",40.61615,-73.95997,"Entire home/apt",70,1,1,"2018-07-17",0.08,1,0,0,0
11434339,"Nice, Sunny and by Yankee Stadium",60077790,"Veronica","Manhattan","Harlem",40.82044,-73.93605,"Private room",100,1,0,"",NA,1,0,0,1
14854430,"Apartment in Center of East Village",39942789,"Jackie","Manhattan","East Village",40.73001,-73.98464,"Entire home/apt",195,2,48,"2019-06-05",1.41,1,344,0,1
2570561,"Charming apartment river view",1676600,"Angie","Manhattan","Washington Heights",40.84309,-73.94127,"Private room",90,3,2,"2016-07-16",0.03,1,0,0,1
2383233,"Entire 1400 sq ft Artist Loft - FOUR Private Rooms",10674441,"Annie","Brooklyn","Bedford-Stuyvesant",40.69392,-73.95446,"Entire home/apt",175,27,0,"",NA,2,148,0,0
34390308,"""In the Heights"" King Size Br w/shared baths.",27973267,"Gus","Manhattan","Washington Heights",40.8509,-73.93345,"Private room",75,1,9,"2019-07-02",5.19,5,84,0,1
26774025,"Big Apple Slice of History with Breakfast Included",201315040,"Carmen","Manhattan","East Village",40.72493,-73.97571,"Private room",125,2,26,"2019-06-19",2.23,1,118,0,1
19212489,"Authentic private  room. Just 25 min to Manhattan!",133785513,"Alena","Brooklyn","Bedford-Stuyvesant",40.69485,-73.93794,"Private room",87,1,141,"2019-07-01",5.58,4,73,0,0
36427094,"Beautiful Sunny Space in Crown Heights Brooklyn.",82576590,"Raheem","Brooklyn","Crown Heights",40.67285,-73.95133,"Private room",41,1,0,"",NA,1,66,0,0
32806692,"XL Williamsburg Full Apartment for rent",9089718,"Ramon","Brooklyn","Williamsburg",40.71813,-73.95964,"Entire home/apt",129,5,1,"2019-03-05",0.24,1,14,0,0
907966,"1 rm @ 3BR artist loft williamsburg",4864306,"Joseph","Brooklyn","Greenpoint",40.72676,-73.95529,"Private room",50,2,30,"2019-07-02",0.42,3,249,0,0
28359512,"East Village Pad with a View",131454177,"Ali","Manhattan","East Village",40.72907,-73.98388,"Entire home/apt",195,7,0,"",NA,1,295,0,1
16350271,"Cozy Bedroom in the heart of Williamsburg",107058927,"Laura","Brooklyn","Williamsburg",40.71957,-73.95828,"Private room",50,4,0,"",NA,1,0,0,0
12287516,"Flat on President - Private Room",66215731,"Eric","Brooklyn","Park Slope",40.67719,-73.98142,"Private room",50,1,113,"2019-06-16",2.87,2,352,0,0
21022856,"Your Home in NYC, 3 bdrm, 2 bath, 5 min to metro!!",22194698,"Joe & Jay","Brooklyn","Bedford-Stuyvesant",40.69012,-73.9257,"Entire home/apt",135,2,89,"2019-07-05",4.14,2,139,0,0
28917781,"Walk in Basement Room with Window",35927005,"Kathy","Brooklyn","Borough Park",40.63586,-74.00597,"Private room",55,1,1,"2018-10-20",0.11,10,298,0,0
19433585,"Comfy and private garden bedroom",3130452,"Jamba-Djang","Brooklyn","Bedford-Stuyvesant",40.69678,-73.94409,"Private room",40,3,0,"",NA,1,0,0,0
35907876,"Gorgeous 2BR / 2BA & Patio in Prime East Village",269825284,"Sam","Manhattan","East Village",40.73085,-73.9837,"Entire home/apt",315,5,2,"2019-07-03",2,1,249,0,1
9514935,"Lovely East Williamsburg room",38342237,"Leonore","Brooklyn","Williamsburg",40.70725,-73.94187,"Private room",66,2,0,"",NA,1,0,0,0
7082866,"Comfy Alcove Studio",6766728,"Javier","Manhattan","East Village",40.72639,-73.98756,"Entire home/apt",150,4,1,"2016-01-02",0.02,1,0,0,1
16507990,"Cozy Upper West Private Floor",108489381,"Shane","Manhattan","Upper West Side",40.78296,-73.98284,"Private room",165,1,1,"2017-01-02",0.03,1,0,0,1
24042606,"Modern sunlit apartment in the heart of Bushwick",91427536,"Yoav","Brooklyn","Bushwick",40.69642,-73.9243,"Private room",45,5,5,"2019-04-20",0.58,2,3,0,0
11552402,"Comfy NYC Studio 15 Min. To Midtown",60990988,"Terrence","Manhattan","Harlem",40.81032,-73.95415,"Entire home/apt",90,2,198,"2019-06-19",4.87,1,39,0,1
36419441,"Murray Hill Masterpiece",273824202,"David","Manhattan","Murray Hill",40.74404,-73.97239,"Entire home/apt",129,2,0,"",NA,1,0,0,1
6555997,"Sunny, Clean & Spacious in the LES",11513446,"Erica","Manhattan","Lower East Side",40.71908,-73.99446,"Entire home/apt",150,3,2,"2016-01-01",0.04,1,0,1,1
28642786,"Excellent Loc best value Midtown studio/nearMacy’s",9698896,"Sanyam","Manhattan","Midtown",40.74971,-73.98682,"Entire home/apt",108,2,6,"2019-05-29",0.62,1,0,0,1
14330713,"Opera House Lofts - Bushwick Studio",10022166,"David","Brooklyn","Bushwick",40.69938,-73.93547,"Entire home/apt",95,1,9,"2018-02-25",0.25,1,0,0,0
998423,"Great space minutes from Manhattan!",2765234,"Casey","Queens","Astoria",40.7603,-73.91395,"Private room",75,4,19,"2019-04-25",0.52,1,10,0,0
34709658,"Hudson Yards 2 bedrooms apartment- 4-5 ppl",240099532,"Luiggi","Manhattan","Hell's Kitchen",40.75445,-73.99707,"Entire home/apt",269,2,8,"2019-06-26",5.45,1,252,0,1
34836661,"Become a New Yorker in Bushwick!",6605565,"Samantha","Brooklyn","Bushwick",40.69941,-73.91186,"Private room",70,3,3,"2019-07-01",3,1,27,0,0
35008478,"3 Bedroom Apt in Times Square",263744711,"Jennifer","Manhattan","Hell's Kitchen",40.76299,-73.99478,"Entire home/apt",400,3,1,"2019-06-25",1,1,278,0,1
36143214,"Cute 1 Bedroom Bungalow-Steps to Beach&Subway",271844440,"Timothy","Queens","Rockaway Beach",40.59087,-73.81143,"Entire home/apt",139,1,0,"",NA,3,166,0,0
20913,"Charming 1 bed GR8 WBurg LOCATION!",79402,"Christiana","Brooklyn","Williamsburg",40.70984,-73.95775,"Entire home/apt",100,5,168,"2018-07-22",1.57,1,0,0,0
34255740,"Private, 2-story apartment, near the Highline",141713689,"Nawar","Manhattan","Chelsea",40.74475,-74.00108,"Entire home/apt",134,7,3,"2019-06-23",2.65,1,13,0,1
33267342,"Spectacular Luxury Park Slope Brownstone",15101609,"Rebecca","Brooklyn","Park Slope",40.67591,-73.97689,"Entire home/apt",700,3,0,"",NA,1,239,0,0
5846050,"Cozy Harlem Stay",22534207,"Jemar","Manhattan","East Harlem",40.80906,-73.93686,"Private room",75,2,45,"2019-06-03",0.94,1,123,0,1
34045372,"Soulful studio space near Yankees Stadium",12463953,"Derrick","Bronx","Mott Haven",40.81865,-73.93014,"Entire home/apt",107,2,0,"",NA,1,81,0,0
11710327,"Beautiful Ft. Greene Guest Suite w/ Full Kitchen",62249912,"Myra","Brooklyn","Fort Greene",40.6876,-73.97083,"Private room",115,28,39,"2018-01-01",1.05,1,3,0,0
36420855,"1900s 1 Bed Rockaway Beach Bungalow-ByMTA&Beach",271885652,"Elizabeth","Queens","Rockaway Beach",40.58893,-73.81347,"Entire home/apt",89,1,0,"",NA,4,175,0,0
22454253,"Spacious 1-Bedrm Apt Washington Heights Manhattan",132883674,"Derek","Manhattan","Washington Heights",40.84777,-73.94241,"Entire home/apt",160,1,3,"2018-03-18",0.17,3,0,0,1
26192545,"Williamsburg Bedroom with TV, AC, WiFi & Library",19665329,"Patrick","Brooklyn","Williamsburg",40.71045,-73.9441,"Private room",40,5,3,"2018-11-02",0.27,1,0,0,0
24387440,"Midtown East Prime UN Location",184065290,"Keren","Manhattan","Midtown",40.75418,-73.9664,"Entire home/apt",180,30,16,"2018-12-12",1.08,1,3,0,1
16205941,"Cozy 1 bedroom in brooklyn 30max to manhattan",63834432,"Camille","Brooklyn","Williamsburg",40.70781,-73.93926,"Private room",58,1,1,"2016-12-08",0.03,1,0,0,0
10050536,"Studio Loft in Greenpoint",47554473,"Henry Norman","Brooklyn","Greenpoint",40.72766,-73.94393,"Entire home/apt",179,3,36,"2019-06-14",0.84,13,53,0,0
20265104,"West Village Haven",9121940,"Joseph","Manhattan","West Village",40.73574,-74.00121,"Entire home/apt",290,14,0,"",NA,1,341,0,1
16288338,"CLEAN, SAFE, PLACE; Bed-Stuy Brooklyn.",99494083,"Eunice","Brooklyn","Bedford-Stuyvesant",40.68322,-73.93073,"Entire home/apt",115,5,47,"2019-06-01",1.53,2,91,1,0
28084157,"Couple room w/attached bath. In heart of Flushing",205745676,"Liqin","Queens","Flushing",40.75746,-73.82013,"Private room",89,1,28,"2019-07-07",2.78,9,346,0,0
16230581,"Cozy apartment in the heart of Williamsburg!",326185,"Martina","Brooklyn","Williamsburg",40.71532,-73.95563,"Entire home/apt",108,3,3,"2017-07-28",0.1,1,0,0,0
33751577,"Luxury 3 Bed FiDi Charm Doorman Elevator | Laundry",254429373,"James","Manhattan","Financial District",40.70563,-74.00919,"Entire home/apt",325,5,7,"2019-06-09",2.84,1,131,0,1
15857334,"5 Star Luxury Suite Heart of Manhattan",26556695,"Alyssa","Manhattan","Midtown",40.76042,-73.97345,"Entire home/apt",1020,1,12,"2019-05-22",0.39,6,365,0,1
5030256,"Spacious Room in Apt with Backyard",8707742,"Kanhar","Brooklyn","Bedford-Stuyvesant",40.6955,-73.94385,"Private room",70,2,0,"",NA,1,0,0,0
22176782,"Lovely Room in East Williamsburg",77792023,"Hugo B.","Brooklyn","Bushwick",40.70391,-73.92593,"Private room",40,2,4,"2018-01-14",0.21,1,0,0,0
13662078,"Bright Spacious in S Williamsburg",182226,"Alina","Brooklyn","Williamsburg",40.70845,-73.95397,"Entire home/apt",135,7,9,"2019-06-06",0.25,1,7,0,0
21677581,"The Kipsey - A One Bedroom Apartment",157183215,"Wendy","Manhattan","Kips Bay",40.7398,-73.98163,"Entire home/apt",175,2,1,"2018-01-03",0.05,1,3,0,1
33585686,"Nolita Gem",253073362,"Jia","Manhattan","Nolita",40.72175,-73.99544,"Entire home/apt",145,5,3,"2019-06-29",2.5,1,7,0,1
7804337,"Williamsburg Studio Apartment",41079797,"Emma Leigh","Brooklyn","Williamsburg",40.71158,-73.94653,"Entire home/apt",94,1,28,"2019-06-16",0.62,1,274,0,0
2017397,"☆ DESIGN Spacious ☆ 1 BR Sleeps 4 Brooklyn Museum",2496464,"Monica","Brooklyn","Crown Heights",40.66687,-73.95619,"Entire home/apt",150,5,68,"2019-07-01",1.07,1,202,0,0
21244035,"Hillside Hotel",134184451,"Hillside Hotel","Queens","Jamaica",40.70319,-73.8141,"Private room",135,1,2,"2018-06-10",0.09,18,365,0,0
1918693,"Lovely Bedrooms in Artist's Home",9947332,"Lorelei & Alex","Brooklyn","Clinton Hill",40.68474,-73.9632,"Private room",98,4,245,"2019-06-10",3.61,1,247,0,0
9998296,"Beautiful Modern Large 1 Bedroom",36865981,"Samantha","Brooklyn","Crown Heights",40.67665,-73.95534,"Entire home/apt",115,3,1,"2017-01-01",0.03,1,0,0,0
20760274,"New Building w/ Rooftop & Laundry, Cozy Room",24417778,"Auni (Masroor)","Brooklyn","Bedford-Stuyvesant",40.67927,-73.94758,"Private room",88,4,1,"2017-09-15",0.05,1,0,0,0
21112291,"Entire Home / Apt in Williamsburg + Rooftop",21383928,"Kevin","Brooklyn","Williamsburg",40.71195,-73.95872,"Entire home/apt",125,3,40,"2019-07-03",1.85,1,0,0,0
15087800,"Private Bedroom in Queen -JFK 8mins",74331597,"Nickesha","Queens","St. Albans",40.68461,-73.76899,"Private room",65,1,98,"2019-06-23",2.87,5,180,0,0
15655332,"Spacious Brooklyn Loft Apartment & Rooftop Deck",36743809,"Hilary","Brooklyn","Williamsburg",40.71443,-73.94153,"Entire home/apt",300,2,2,"2016-11-26",0.06,1,310,0,0
8866178,"Clean cozy and convenient stay",1596626,"Gypsy","Manhattan","Hell's Kitchen",40.76262,-73.98677,"Entire home/apt",135,2,115,"2019-06-23",2.56,1,19,1,1
11928097,"Sunny room in a 2 bedroom apartment",17737517,"Martin","Manhattan","East Harlem",40.80012,-73.94272,"Private room",65,1,0,"",NA,1,0,0,1
10199699,"Welcome Students!  Huge Very Private Uptown Room",16978120,"Chip","Manhattan","Harlem",40.83,-73.94931,"Private room",65,30,0,"",NA,2,308,0,1
1741622,"Cozy NY-style 1BDRM Apartment UES.",652092,"Art","Manhattan","Upper East Side",40.76358,-73.95895,"Entire home/apt",90,80,20,"2016-10-31",0.29,1,203,0,1
8511404,"Big bed, cosy room, groovy LES apt!",21180293,"Illtyd","Manhattan","Chinatown",40.71342,-73.99045,"Private room",90,2,47,"2019-06-24",1.04,1,28,0,1
5695509,"Private room in great apt bwick",15897880,"Sander","Queens","Ridgewood",40.70066,-73.90964,"Private room",50,1,0,"",NA,1,0,0,0
25843611,"Family-friendly 2BR, Prime Upper West Side",194180091,"Liz","Manhattan","Upper West Side",40.79114,-73.97787,"Entire home/apt",175,6,3,"2018-12-30",0.23,1,0,0,1
21028467,"Garden Apartment in South Slope",76450538,"Pat","Brooklyn","Sunset Park",40.65331,-74.00814,"Private room",80,4,0,"",NA,1,0,0,0
25723733,"Cozy place.",183240218,"Adedeji","Queens","Jamaica",40.67051,-73.77693,"Private room",65,1,74,"2019-06-14",6.05,1,211,0,0
29113996,"Lovely double bedroom in the centre of it all",24405003,"Bianca","Manhattan","Chinatown",40.7147,-73.99279,"Private room",106,2,9,"2019-05-25",1.12,3,117,0,1
35128367,"Magnificent Fort Greene Home- 3 Floors",11742777,"Inbar","Brooklyn","Fort Greene",40.68647,-73.96959,"Entire home/apt",550,2,1,"2019-06-16",1,1,43,0,0
6018589,"Charming Private Room",31241183,"Lilian","Manhattan","Washington Heights",40.83741,-73.93928,"Private room",65,2,36,"2019-06-22",0.74,2,273,0,1
4397455,"Quiet 2 bedroom retreat in the heart of Brooklyn",5912357,"Gina","Brooklyn","Canarsie",40.63269,-73.90358,"Entire home/apt",85,4,60,"2019-06-22",1.12,1,247,0,0
4152752,"Location is Everything. And Quiet Too!",21546973,"Niko","Manhattan","Hell's Kitchen",40.76444,-73.98965,"Private room",103,1,394,"2019-06-30",6.79,1,237,0,1
21230213,"Beautiful Room in Bed-Stuy Apartment",125549620,"Ashley","Brooklyn","Bedford-Stuyvesant",40.68527,-73.93924,"Private room",35,2,1,"2017-10-25",0.05,1,0,0,0
23606804,"Sunny One Bedroom in Bed Stuy Close to Train",5225104,"Malissa","Brooklyn","Bedford-Stuyvesant",40.68016,-73.91054,"Entire home/apt",68,3,19,"2019-06-28",1.23,1,28,0,0
30065172,"Bedroom in cosy apt in Williamsburg, Brooklyn",49546136,"Victoire","Brooklyn","Williamsburg",40.71235,-73.95764,"Private room",79,4,0,"",NA,1,0,0,0
20729909,"Two-storey Park Slope Apartment",12776165,"Morgan","Brooklyn","Park Slope",40.67884,-73.97493,"Entire home/apt",120,3,7,"2019-04-28",0.35,1,0,0,0
23071191,"Simple and clean WaHi living room!",92192182,"Alyssa","Manhattan","Washington Heights",40.84697,-73.93776,"Shared room",29,1,13,"2018-06-18",0.75,2,0,1,1
21547791,"Crown Heights Newly Renovated 3 Bedroom Apartment",88001494,"Mendy","Brooklyn","Crown Heights",40.66389,-73.93736,"Private room",150,2,16,"2019-06-11",0.87,3,66,0,0
22231558,"Spacious 3BR/3BA in the East Village",7002074,"Ryder","Manhattan","East Village",40.72625,-73.97822,"Entire home/apt",250,2,2,"2017-12-30",0.1,1,0,0,1
20943288,"Williamsburg's BEST location Apartment",127726243,"Daniela","Brooklyn","Greenpoint",40.71951,-73.95397,"Entire home/apt",200,7,6,"2017-12-10",0.27,1,0,0,0
1934444,"Havemeyer Holiday",4393358,"Cj","Brooklyn","Williamsburg",40.71674,-73.95262,"Private room",80,10,5,"2014-11-01",0.07,1,0,0,0
1335510,"Bright & cosy Williamsburg apt",4202236,"John","Brooklyn","Williamsburg",40.71657,-73.9597,"Entire home/apt",115,7,3,"2013-11-21",0.04,1,0,0,0
18456975,"Fully furnished Studio Apt near Columbus Circle",30283594,"Kara","Manhattan","Midtown",40.76547,-73.98216,"Entire home/apt",199,30,0,"",NA,121,189,0,1
8901538,"WELCOME TO MY HUMBLE ABODE!!!!!",46562860,"Paisha","Bronx","Longwood",40.82226,-73.88906,"Private room",60,3,8,"2018-01-03",0.19,1,363,0,0
1313593,"GORGEOUS SUNNY LOFT w/ 15 WINDOWS",7138163,"Ruby","Manhattan","East Village",40.72353,-73.99059,"Entire home/apt",465,30,11,"2019-05-29",0.18,1,273,0,1
1336223,"Safe, Sunny, Quiet Chelsea Apt has Washer/Dryer",7245581,"Michael","Manhattan","Chelsea",40.74913,-73.99575,"Entire home/apt",93,39,25,"2019-05-13",0.35,19,245,0,1
28278875,"Cozy Comfortable Studio Suite",213568384,"Shama","Brooklyn","Canarsie",40.63814,-73.90002,"Entire home/apt",75,1,68,"2019-07-05",7.58,1,258,0,0
33241498,"2 Rooms in pvt house-15 mins to NYC & free ferry",161357125,"Mohsin","Staten Island","Emerson Hill",40.61035,-74.11711,"Entire home/apt",78,2,11,"2019-07-03",3.88,3,38,0,0
1961288,"Gorgeous Modern Downtown Condo with Stunning Views",1321170,"Dave","Manhattan","Lower East Side",40.72139,-73.99271,"Entire home/apt",220,2,85,"2019-06-20",1.27,1,305,0,1
13416840,"Modern Luxury apt in Design Centric Building",65590212,"Andrew","Brooklyn","Downtown Brooklyn",40.69805,-73.9846,"Entire home/apt",150,2,16,"2016-11-16",0.43,1,0,0,0
23611312,"Spacious & Cozy Historical Flat",19922549,"Dan","Manhattan","Two Bridges",40.7115,-73.9952,"Entire home/apt",300,3,24,"2019-06-30",1.76,1,32,0,1
13006794,"Fully Furnished 1 Bedroom UWS APT",10838145,"Yaakov (Jacob)","Manhattan","Upper West Side",40.798,-73.96317,"Entire home/apt",74,2,8,"2016-08-24",0.21,1,0,0,1
29063413,"Large luxury 1 BR with views, greenwich village!",30782359,"Tracey","Manhattan","Greenwich Village",40.73069,-73.9932,"Entire home/apt",350,2,5,"2019-05-19",0.59,1,0,0,1
15484888,"Sunny and Spacious Modern BK Heights Studio",10711869,"Ayesha","Brooklyn","Downtown Brooklyn",40.69211,-73.99092,"Entire home/apt",170,2,21,"2019-05-26",0.64,1,8,0,0
35033521,"Shared room in Midtown Near Times Square 5",263880607,"Ahmet","Manhattan","Hell's Kitchen",40.76356,-73.98814,"Shared room",77,1,2,"2019-06-23",1.62,7,362,0,1
19093551,"Studio in Brooklyn",1295284,"Sue","Brooklyn","Midwood",40.61402,-73.94467,"Entire home/apt",70,7,0,"",NA,1,0,0,0
33791537,"Beautiful Veteran owned townhome",93763302,"Demacoy","Queens","Arverne",40.59908,-73.79133,"Entire home/apt",137,1,4,"2019-06-02",2.18,1,273,0,0
18043457,"Spacious Private Room in Nolita",15651644,"Alan","Manhattan","Chinatown",40.71866,-73.99633,"Private room",120,3,1,"2017-05-21",0.04,1,0,0,1
19080983,"Convenient Home near train Subway & Airports",59089796,"Sara","Queens","Richmond Hill",40.70288,-73.81955,"Entire home/apt",104,2,78,"2019-06-26",3.26,2,65,0,0
21053044,"RESIDENCE NEAR JFK (TB3)",145727343,"Janelle","Queens","Jamaica",40.68501,-73.79162,"Private room",33,1,7,"2019-06-25",0.35,3,139,0,0
27756639,"Comfortable Place with Dimple",209306758,"Harriet","Bronx","Baychester",40.8773,-73.84329,"Private room",53,3,12,"2019-06-14",1.2,2,356,0,0
8067561,"Private room with queen size bed.",19510122,"Frank","Brooklyn","Prospect-Lefferts Gardens",40.65603,-73.95798,"Private room",40,2,9,"2016-09-11",0.2,1,0,0,0
32403617,"NEW! Modern 1BR Apartment in Heart of NYC!",79729447,"Joe","Bronx","Throgs Neck",40.8149,-73.81545,"Entire home/apt",125,3,1,"2019-06-09",1,1,365,0,0
27079532,"NEW YORK CITY MANHATTAN STUDIO.",88900561,"Camry","Manhattan","East Harlem",40.80203,-73.93885,"Shared room",60,1,17,"2019-03-01",1.48,1,0,0,1
126443,"☆Massive DUPLEX☆ 2BR & 2BTH East Village 9+ Guests",627217,"Seith","Manhattan","East Village",40.72939,-73.98857,"Entire home/apt",189,2,403,"2019-07-07",4.1,3,201,0,1
32162250,"Lovely and Bright Astoria apartment",241277495,"Virginie","Queens","Astoria",40.75864,-73.92782,"Entire home/apt",225,5,1,"2019-06-15",1,1,30,0,0
18372104,"Luxury 2 BR Apartment, Columbus Circle",127218433,"Caroline","Manhattan","Upper West Side",40.76989,-73.98229,"Entire home/apt",220,30,4,"2018-12-15",0.16,1,124,0,1
28734815,"Brand New Modern 1+2 Apt",57294304,"Ekin","Manhattan","Hell's Kitchen",40.76464,-73.98737,"Entire home/apt",250,1,0,"",NA,1,0,0,1
24958209,"2 Bedroom Garden Getaway",65903420,"Brendan","Brooklyn","Crown Heights",40.66673,-73.96158,"Entire home/apt",139,3,43,"2019-05-26",3.28,1,68,0,0
28033675,"Convenient, shared-studio in LIC/Sunnyside",5340329,"Cassidy","Queens","Sunnyside",40.74342,-73.91538,"Shared room",72,2,0,"",NA,2,0,0,0
16015571,"Bright and Spacious Living Room.",39261381,"Nathaniel","Brooklyn","Flatlands",40.62531,-73.93414,"Shared room",22,1,20,"2019-07-03",1.28,2,160,0,0
18569279,"ENTIRE HOME- UPPER EAST SIDE, NYC",4677247,"Elizabeth","Manhattan","Upper East Side",40.77973,-73.95039,"Entire home/apt",150,2,17,"2019-05-15",0.71,1,338,0,1
17543905,"P",7976263,"Amelia","Manhattan","Chelsea",40.74431,-73.9922,"Private room",100,5,3,"2017-04-12",0.11,1,0,0,1
13694429,"Convenient Manhattan room above express trains",79738917,"Kaushik","Manhattan","Harlem",40.80968,-73.95355,"Private room",69,4,0,"",NA,1,0,0,1
11065633,"Luxury Doorman Building/Murray Hill",19340034,"Ross","Manhattan","Gramercy",40.73788,-73.98103,"Private room",150,1,2,"2016-03-13",0.05,1,0,0,1
28391441,"Midtown 2Bed  1.5Bath Luxury Full Kitchen, Balcony",214347105,"Roman","Manhattan","Midtown",40.75224,-73.96526,"Entire home/apt",449,3,23,"2019-05-19",2.36,8,326,0,1
278631,"West Village NYC Sun-filled Studio!",1132207,"Cathryne","Manhattan","West Village",40.73729,-74.00807,"Entire home/apt",250,30,7,"2013-04-21",0.08,1,35,0,1
31925535,"Luxury Duplex with large loft space and Terrace",1746041,"Jean-Yves","Brooklyn","Greenpoint",40.72242,-73.95076,"Entire home/apt",450,3,5,"2019-06-13",1.06,1,43,0,0
12318,"West Side Retreat",16800,"Cyn","Manhattan","Upper West Side",40.79009,-73.97927,"Private room",135,4,81,"2019-06-16",0.69,1,273,0,1
33956883,"Beautiful Cozy Private Room!",256403429,"Brenda","Brooklyn","East Flatbush",40.65214,-73.95159,"Private room",53,1,15,"2019-07-06",5.56,5,77,0,0
13905833,"1 BDR PRIME HELLS KITCHEN LOCATION",82444858,"Gilbert","Manhattan","Hell's Kitchen",40.7672,-73.98457,"Entire home/apt",150,3,0,"",NA,1,0,0,1
24916744,"Newly Renovated Full One Bedroom Brooklyn Apt",93359389,"David","Brooklyn","East Flatbush",40.65755,-73.92341,"Entire home/apt",80,2,18,"2019-06-18",1.46,1,39,0,0
9331413,"Beautiful Apartment in Center of Williamsburg",17433287,"Efrat","Brooklyn","Williamsburg",40.71786,-73.95588,"Entire home/apt",181,4,4,"2017-05-02",0.09,2,188,0,0
15966974,"Bright apartment in West SoHo with Roof Access",19536090,"Adriana","Manhattan","SoHo",40.72705,-74.00419,"Entire home/apt",375,2,14,"2019-05-19",0.73,2,335,0,1
29157794,"Full size room for rent",181885938,"Ismael","Queens","Elmhurst",40.73288,-73.87177,"Private room",55,2,8,"2019-06-29",0.9,2,315,0,0
4284158,"Homey East Village Private Bedroom ",22240717,"Steven","Manhattan","East Village",40.72833,-73.98917,"Private room",199,1,0,"",NA,1,0,0,1
29501807,"Sunny room with new Queen bed and large closet",77813945,"Andrew","Manhattan","East Village",40.72145,-73.97881,"Private room",75,4,5,"2019-05-26",1.9,1,33,0,1
15344255,"Trendy, Fully-Renovated Studio in West Chelsea",97842006,"Michael","Manhattan","Chelsea",40.74624,-74.00371,"Entire home/apt",225,1,51,"2019-06-29",1.63,1,9,0,1
33748535,"Contemporary Brooklyn Lifestyle Apt /JFK Airport 3",223375402,"Joyce","Brooklyn","East New York",40.66195,-73.8936,"Private room",65,2,1,"2019-05-13",0.52,4,352,0,0
5217507,"Great 1-bd apartment in Murray Hill",3510638,"Eugene","Manhattan","Murray Hill",40.74479,-73.97573,"Entire home/apt",149,5,13,"2018-05-20",0.24,1,0,0,1
27149630,"SPACIOUS 2BR 2 BATH IN UPPER EAST SIDE",200380610,"Pranjal","Manhattan","Upper East Side",40.77093,-73.95873,"Entire home/apt",285,30,0,"",NA,65,365,0,1
12343,"BEST BET IN HARLEM",47727,"Earl","Manhattan","Harlem",40.81175,-73.94478,"Entire home/apt",150,7,97,"2019-06-13",0.84,1,309,0,1
8648134,"5star review Beautiful&Spacious Apt",15954226,"Jen","Brooklyn","Bedford-Stuyvesant",40.68222,-73.95284,"Entire home/apt",130,7,2,"2015-11-02",0.04,1,0,0,0
21656310,"Room available on the Upper East Side, Manhattan",18844442,"Rabia","Manhattan","Upper East Side",40.77976,-73.95409,"Private room",100,2,16,"2018-02-20",0.8,1,0,0,1
32563657,"94TH STREET 3BR-3BA SUITE WITH DOORMAN-GYM",123745971,"Especial","Manhattan","Upper East Side",40.78399,-73.94725,"Private room",990,2,1,"2019-06-09",1,6,343,0,1
35740661,"Brickwall 3BR 5bed 10pl - Prime location Times Sq.",268847927,"Dae","Manhattan","Hell's Kitchen",40.762,-73.99158,"Entire home/apt",399,3,0,"",NA,1,218,0,1
13715977,"Cozy room in Central Harlem. Lively neighborhood.",60812510,"Lisa","Manhattan","Harlem",40.81818,-73.93905,"Private room",49,1,12,"2017-08-24",0.33,1,0,0,1
3132960,"Lovely Park Slope Pied a Terre",2472358,"Craig","Brooklyn","Park Slope",40.67668,-73.97718,"Entire home/apt",250,5,2,"2018-12-31",0.21,1,0,0,0
18283367,"Huge Private Furnished Bedroom - Inwood",126420866,"Nic","Manhattan","Inwood",40.86396,-73.9267,"Private room",50,5,2,"2017-05-20",0.08,1,0,0,1
13585495,"Great room in amazing Little Italy location!",15960548,"Nathan","Manhattan","Little Italy",40.71955,-73.99707,"Private room",110,2,1,"2016-09-14",0.03,1,0,0,1
30272649,"Monthly: Gorgeous 3 Story Brownstone",16099130,"Jane","Manhattan","East Harlem",40.80855,-73.93841,"Entire home/apt",232,23,1,"2019-01-06",0.16,1,0,0,1
4867016,"Charming Brooklyn Getaway",1968327,"Azza","Brooklyn","Bedford-Stuyvesant",40.69268,-73.95575,"Private room",70,2,6,"2019-05-20",0.12,1,365,0,0
19967657,"Sanjay's Art Lab - Prime LES - Quintessential NYC",16549535,"Sanjay","Manhattan","Lower East Side",40.71624,-73.98935,"Entire home/apt",50,1,6,"2018-09-28",0.28,1,0,0,1
4541102,"Perfect 2 Bed Bklyn Apt, near SUNY Downstate!",23548583,"Shari","Brooklyn","East Flatbush",40.65262,-73.94211,"Entire home/apt",109,30,23,"2019-05-01",0.44,2,221,0,0
9316528,"Spacious Room in Beautiful Apartment in Brooklyn!",48356150,"Tomas","Brooklyn","Bedford-Stuyvesant",40.68465,-73.91528,"Private room",75,14,3,"2018-07-15",0.13,1,0,0,0
23524819,"Cat on a Venue",15919854,"Benjamin","Brooklyn","Flatbush",40.65104,-73.96275,"Private room",42,5,1,"2018-04-29",0.07,1,0,0,0
132516,"Forest Hills Apt minutes to midtown Manhattan",85330,"Jean","Queens","Forest Hills",40.70925,-73.85262,"Entire home/apt",97,3,28,"2019-07-01",1.21,3,209,0,0
14437093,"Sunny Alcove 1-bdrm- Rooftop with view & backyard!",4400586,"Carrie","Manhattan","East Village",40.72397,-73.98329,"Entire home/apt",129,7,10,"2019-02-10",0.29,1,0,0,1
21399985,"Beautiful, Spacious & Comfortable NYC Brownstone",7658248,"M","Manhattan","Harlem",40.80999,-73.95484,"Private room",85,2,76,"2019-06-13",3.68,2,0,0,1
30982252,"The Nest...",207078295,"Michelle","Queens","Ozone Park",40.66736,-73.83457,"Private room",60,1,0,"",NA,1,364,0,0
9270122,"Beautiful Room in Artistic Loft",48148603,"Ricardo","Brooklyn","Greenpoint",40.73469,-73.95778,"Private room",60,1,1,"2016-01-03",0.02,1,0,0,0
12003048,"Sleek 1 bedroom apt. near Times Square!",30283594,"Kara","Manhattan","Hell's Kitchen",40.76685,-73.98363,"Entire home/apt",239,30,0,"",NA,121,352,0,1
17680909,"(B) Great value & clean apartment in New York",119548006,"Steven","Queens","Fresh Meadows",40.73275,-73.79366,"Entire home/apt",45,2,142,"2019-07-03",5.03,2,2,1,0
17140782,"Williamsburg Loft",16868847,"Sophie","Brooklyn","Williamsburg",40.71779,-73.96337,"Private room",129,2,0,"",NA,1,0,0,0
59642,"Franklin St Flat in Trendy Greenpoint Brooklyn",274782,"Betty","Brooklyn","Greenpoint",40.73401,-73.95967,"Entire home/apt",135,2,69,"2019-05-19",0.67,1,12,0,0
19652739,"1 Bedroom/1 Livingroom on 21st and 8th in Chelsea",81531783,"Katie Knapp","Manhattan","Chelsea",40.74429,-73.99984,"Entire home/apt",130,26,39,"2019-06-28",1.71,1,29,0,1
29059768,"Gramercy 3 Bedroom - Central to Everything! #10294",28422641,"Dylan","Manhattan","Gramercy",40.73551,-73.98546,"Entire home/apt",350,2,29,"2019-07-05",3.27,1,65,0,1
36423090,"Private room in beautiful Williamsburg loft!",43297161,"Perry","Brooklyn","Williamsburg",40.70538,-73.94314,"Private room",65,2,0,"",NA,1,6,0,0
16191596,"Sunny Room B in China town of BK/ 8 min to Subway",105640471,"Jason","Brooklyn","Sunset Park",40.64024,-74.01573,"Private room",54,1,18,"2018-11-11",0.61,8,241,0,0
6326582,"Sunny, Quiet, Open Space Uptown",32924087,"Faiven","Manhattan","Washington Heights",40.8327,-73.94028,"Shared room",63,1,2,"2015-08-17",0.04,2,0,0,1
13963005,"Gorgeous 2 Bedroom apartment",41870118,"Iveta","Queens","Forest Hills",40.72064,-73.83746,"Entire home/apt",2350,365,0,"",NA,1,364,0,0
22321796,"Brooklyn cute corner-unit modern apartment!",68822704,"Stefanie","Brooklyn","Bedford-Stuyvesant",40.68345,-73.95078,"Entire home/apt",60,4,1,"2018-01-02",0.05,1,0,0,0
3554285,"Entire Room Brooklyn NYC!!!",2120259,"Sue","Brooklyn","Crown Heights",40.66518,-73.95109,"Private room",45,4,37,"2019-06-24",0.64,4,281,0,0
21108458,"Cute bedroom in the heart of Williamsburg",127985639,"Sarah","Brooklyn","Williamsburg",40.71171,-73.95158,"Private room",45,7,0,"",NA,1,0,0,0
7771777,"Private bedroom and bathroom",14139134,"Eliza","Manhattan","Morningside Heights",40.8061,-73.96641,"Private room",90,1,1,"2015-08-14",0.02,1,0,0,1
4565734,"Spacious 2 Bedroom + Study",54712,"Nick","Brooklyn","Greenpoint",40.73351,-73.95459,"Entire home/apt",245,3,0,"",NA,2,280,0,0
13866269,"Light filled private bedroom in Bed Stuy's best.",7027982,"Scott","Brooklyn","Bedford-Stuyvesant",40.68637,-73.94477,"Private room",75,2,6,"2016-12-14",0.17,1,0,0,0
10008615,"Classic NYC loft apt in brownstone",3841035,"Christina","Manhattan","Harlem",40.83034,-73.94902,"Entire home/apt",125,2,31,"2019-06-12",0.72,1,14,0,1
4822822,"Luxury Building $80 per night",11708118,"Brian","Manhattan","Financial District",40.70373,-74.00827,"Private room",86,4,2,"2016-08-29",0.06,1,0,0,1
19857281,"Lightfilled room in Clinton Hill Loft",2781214,"Jeanie","Brooklyn","Bedford-Stuyvesant",40.69488,-73.9589,"Private room",45,12,9,"2018-10-31",0.38,1,0,0,0
13893264,"Prospect Lefferts Terrific Townhouse",37413,"Sarah","Brooklyn","Prospect-Lefferts Gardens",40.66047,-73.95445,"Entire home/apt",175,6,3,"2018-08-28",0.13,1,12,0,0
14871074,"Spacious Artist's Apartment",7675569,"Annika","Brooklyn","Bushwick",40.69983,-73.92981,"Private room",90,2,5,"2017-08-13",0.15,1,0,0,0
14864014,"Ultramodern Luxury 1 BR w/ Terrace, Crown Heights",322716,"Alex","Brooklyn","Crown Heights",40.67162,-73.95009,"Entire home/apt",155,7,19,"2019-06-18",0.56,5,333,0,0
16821,"Large Room in Amazing East Village Apt",4396,"Casey","Manhattan","East Village",40.72298,-73.98474,"Private room",99,1,106,"2019-06-21",1.26,2,336,0,1
4536637,"Kosher new studio close to subway",11010205,"Jacob","Brooklyn","Bensonhurst",40.61576,-73.99166,"Private room",125,2,4,"2018-04-11",0.07,2,0,0,0
8274516,"Central Park west. Big Cozy Room",16805656,"Fernando","Manhattan","Upper West Side",40.79927,-73.96235,"Private room",100,1,87,"2019-06-22",1.88,2,263,0,1
17589815,"A small bedroom, Lower East Side",64610450,"Emma","Manhattan","Chinatown",40.71569,-73.99076,"Private room",63,3,10,"2017-05-05",0.36,1,0,0,1
2061725,"❤️ 2 Beds Option + Private Bath, Sunshine Bushwick",4601412,"Mia","Brooklyn","Bushwick",40.6922,-73.92399,"Private room",60,2,226,"2019-06-30",3.42,2,164,0,0
13496318,"Amazing Park Slope Duplex plus Finished Basement.",16288928,"Julie","Brooklyn","Park Slope",40.67885,-73.97929,"Entire home/apt",450,7,14,"2019-06-08",0.64,2,360,0,0
32695204,"Beautiful  1 bedroom house near Verrazano bridge",144653854,"Natalya","Staten Island","Arrochar",40.59809,-74.0656,"Entire home/apt",150,2,12,"2019-07-01",3.79,1,85,0,0
10864440,"Red Hook Family Railroad Style Aprt",20408271,"Francois","Brooklyn","Red Hook",40.67529,-74.01514,"Entire home/apt",140,1,0,"",NA,2,0,0,0
30903214,"Home Away From Home",229306781,"Terrioma","Brooklyn","Crown Heights",40.67428,-73.91986,"Private room",70,1,2,"2018-12-28",0.3,1,73,0,0
22973043,"Coolest neighborhood, cutest apartment.",74873565,"China","Manhattan","Two Bridges",40.7116,-73.99568,"Entire home/apt",175,2,8,"2019-05-06",0.46,1,0,0,1
2023357,"Artistic n Funky 1BD by the Park!",10398270,"Andrew And Katie","Manhattan","East Harlem",40.78605,-73.95087,"Entire home/apt",120,6,4,"2016-04-09",0.06,1,0,0,1
8166218,"Spacious Parisian style apartment",2881763,"Miguel","Manhattan","Chelsea",40.73921,-73.99717,"Entire home/apt",220,2,3,"2016-11-18",0.06,1,0,0,1
1227528,"Modern Williamsburg",3086048,"Christine","Brooklyn","Williamsburg",40.71704,-73.95789,"Entire home/apt",275,4,27,"2019-01-02",0.37,1,197,0,0
6678082,"Newly renovated amazing 2 bedrooms",34371968,"Alexandre","Brooklyn","Bedford-Stuyvesant",40.68207,-73.93279,"Entire home/apt",150,4,70,"2019-06-26",1.54,1,293,0,0
11212414,"Spacious, Family-Friendly NYC Apt",58405281,"Cristina","Manhattan","Harlem",40.82485,-73.93774,"Entire home/apt",75,1,1,"2016-02-21",0.02,1,0,0,1
13406622,"CHELSEA 3 BEDROOM APARTMENT WITH PRIVATE GARDEN!!!",1501090,"Betsy","Manhattan","Chelsea",40.74339,-73.99642,"Entire home/apt",450,2,139,"2019-06-20",3.73,1,221,0,1
8479799,"CLASSIC GUEST ROOM - UWS Townhouse",44660079,"Leslie","Manhattan","Upper West Side",40.7786,-73.98554,"Private room",135,3,79,"2019-07-05",2.19,2,20,0,1
16616522,"Large Apartment near Central Park up to 4 people!",61090067,"Justyna","Manhattan","East Harlem",40.79465,-73.94021,"Entire home/apt",180,5,33,"2019-07-01",1.18,1,35,0,1
35572261,"20 minutes to Manhattan, spacious apt in Ridgewood",267405973,"Peter","Queens","Ridgewood",40.70126,-73.90292,"Entire home/apt",110,20,0,"",NA,2,161,0,0
33753198,"Chefs apt w/ art, plants, books & strong coffee",7875127,"Evan","Brooklyn","Crown Heights",40.67468,-73.96149,"Private room",65,2,1,"2019-04-17",0.36,1,0,0,0
30511301,"Sunny 2 Bdr Apartment in Williamsburg (1000sqf)",13888249,"Omer","Brooklyn","Williamsburg",40.70662,-73.95289,"Entire home/apt",180,3,3,"2019-06-16",0.48,2,0,0,0
31883774,"♥Private-Keyed Room #1 - Desk, closet, Queen-bed♥",237336458,"Thomas","Manhattan","Chelsea",40.73894,-73.9952,"Private room",99,10,1,"2019-02-17",0.21,4,31,0,1
15314054,"Cityscape Views at Lux 1 Bed/1 Bath in Lincoln Sq.",836168,"Henry","Manhattan","Upper West Side",40.78065,-73.98253,"Entire home/apt",1000,30,17,"2017-04-16",0.51,11,365,0,1
28642335,"Cozy/Clean/ Private Bedroom in Uptown Manhattan.",12672019,"Elizabeth","Manhattan","Washington Heights",40.83766,-73.94045,"Private room",65,5,23,"2019-06-28",2.47,1,255,1,1
35119736,"The Academy - walk to subway + tons of culture!",16424639,"Andy","Manhattan","Inwood",40.86353,-73.92349,"Entire home/apt",87,4,1,"2019-07-03",1,1,13,0,1
35509472,"Master Room in FiDi - Private Bathroom",267144101,"Olivia","Manhattan","Financial District",40.70612,-74.00464,"Private room",145,1,0,"",NA,2,83,0,1
29359092,"Sweet room",217159080,"Illias","Queens","Elmhurst",40.74133,-73.88345,"Private room",41,2,44,"2019-06-22",5.24,1,123,0,0
